[{"model": "Client.vendeur", "pk": 1, "fields": {"profil": "profil_vendeur/optimized_large_thumb_stage.jpg", "contact1": "0556748529", "contact2": "0787056581", "ville": "Abidjan", "commune": "Bingerville", "quartier": "Sans lois", "user": 25}}, {"model": "Client.vendeur", "pk": 2, "fields": {"profil": "profil_vendeur/poy.jpg", "contact1": "0556748529", "contact2": "0556748529", "ville": "Abidjan", "commune": "Bingerville", "quartier": " Sans lois", "user": 30}}, {"model": "Client.vendeur", "pk": 3, "fields": {"profil": "", "contact1": "0566579612", "contact2": "0708535001", "ville": "Abidjan", "commune": "Adjame", "quartier": "Willy", "user": 3}}, {"model": "Client.vendeur", "pk": 4, "fields": {"profil": "", "contact1": "0989099009", "contact2": "1234567890", "ville": "Abidjan", "commune": "Adjame", "quartier": "Macaci", "user": 4}}, {"model": "Client.vendeur", "pk": 6, "fields": {"profil": "profil_vendeur/IMG-20210218-WA0191_KrbTXQr.jpg", "contact1": "0544249835", "contact2": "8833883388", "ville": "Abidjan", "commune": "Adjame", "quartier": "Liberte", "user": 31}}, {"model": "Client.vendeur", "pk": 7, "fields": {"profil": "", "contact1": "0787950770", "contact2": "0787950770", "ville": "Abidjan", "commune": "Bingerville", "quartier": "Sante", "user": 32}}, {"model": "Client.vendeur", "pk": 8, "fields": {"profil": "", "contact1": "1234567890", "contact2": "1234567890", "ville": "Abidjan", "commune": "Cocody", "quartier": "Palmeraie", "user": 35}}, {"model": "Client.categorie", "pk": 1, "fields": {"nom": "Accessoire Téléphonique", "cle": "accessoires_telephonique", "commission": 15.0}}, {"model": "Client.categorie", "pk": 2, "fields": {"nom": "Audio Visuel", "cle": "audio_visuel", "commission": 15.0}}, {"model": "Client.categorie", "pk": 3, "fields": {"nom": "Auto et moto", "cle": "auto_moto", "commission": 10.0}}, {"model": "Client.categorie", "pk": 4, "fields": {"nom": "Beauté", "cle": "beaute", "commission": 15.0}}, {"model": "Client.categorie", "pk": 5, "fields": {"nom": "Jeux vidéo", "cle": "jeux_video", "commission": 15.0}}, {"model": "Client.categorie", "pk": 6, "fields": {"nom": "Mode", "cle": "mode", "commission": 10.0}}, {"model": "Client.categorie", "pk": 7, "fields": {"nom": "Ordinateurs et Accéssoires", "cle": "ordinateur_accessoire", "commission": 10.0}}, {"model": "Client.categorie", "pk": 8, "fields": {"nom": "Sport", "cle": "sport", "commission": 15.0}}, {"model": "Client.categorie", "pk": 9, "fields": {"nom": "Tablette", "cle": "tablette", "commission": 10.0}}, {"model": "Client.categorie", "pk": 10, "fields": {"nom": "Téléphone", "cle": "telephone", "commission": 15.0}}, {"model": "Client.categorie", "pk": 11, "fields": {"nom": "Autre", "cle": "autre", "commission": 15.0}}, {"model": "Client.produit", "pk": 1, "fields": {"libelle": "Airpods", "description": "Airpods ProCouleur : BlancheConcepteur: Apple", "prix_vendeur": 38250.0, "prix": 45000.0, "quantite": 4, "moq": 1, "status": true, "image": "image_produit/photo_2021-02-19_00-45-51.jpg", "date_ajout": "2021-01-30", "date_modification": "2021-02-21", "vendeur": 1, "categorie": 1}}, {"model": "Client.produit", "pk": 2, "fields": {"libelle": "Cle Usb 32GB", "description": "Cle Usb 32GBCouleur : ArgentMarque : baradjis e-shop", "prix_vendeur": 3600.0, "prix": 4000.0, "quantite": 5, "moq": 1, "status": true, "image": "image_produit/photo_2021-01-07_22-20-14_lAKhbiv.jpg", "date_ajout": "2021-01-30", "date_modification": "2021-02-21", "vendeur": 1, "categorie": 7}}, {"model": "Client.produit", "pk": 7, "fields": {"libelle": "Basket Dior Couleur Noire Blanc", "description": "Basket Dior Couleur Noire Blanc", "prix_vendeur": 11880.0, "prix": 13200.0, "quantite": 9, "moq": 1, "status": true, "image": "image_produit/IMG-20210218-WA0132.jpg", "date_ajout": "2021-02-18", "date_modification": "2021-02-23", "vendeur": 6, "categorie": 6}}, {"model": "Client.produit", "pk": 8, "fields": {"libelle": "Chaussure Tod's Gucci couleur", "description": "Chaussure Responsable Tod's Gucci couleur", "prix_vendeur": 19800.0, "prix": 22000.0, "quantite": 10, "moq": 1, "status": true, "image": "image_produit/IMG-20210218-WA0117.jpg", "date_ajout": "2021-02-18", "date_modification": "2021-02-21", "vendeur": 6, "categorie": 6}}, {"model": "Client.produit", "pk": 9, "fields": {"libelle": "Chaussure Boa Noire", "description": "Chaussure Boa Noire", "prix_vendeur": 11880.0, "prix": 13200.0, "quantite": 10, "moq": 1, "status": true, "image": "image_produit/IMG-20210218-WA0118.jpg", "date_ajout": "2021-02-18", "date_modification": "2021-02-21", "vendeur": 6, "categorie": 6}}, {"model": "Client.produit", "pk": 10, "fields": {"libelle": "Chaussure Tod's Louis Vuitton Noire", "description": "Chaussure Responsable Tod's Louis Vuitton Noire", "prix_vendeur": 19800.0, "prix": 22000.0, "quantite": 8, "moq": 1, "status": true, "image": "image_produit/IMG-20210218-WA0119.jpg", "date_ajout": "2021-02-18", "date_modification": "2021-02-26", "vendeur": 6, "categorie": 6}}, {"model": "Client.produit", "pk": 11, "fields": {"libelle": "Chaussure Tod's Louis Vuitton Noire", "description": "Chaussure Responsable Tod's Louis Vuitton Noire", "prix_vendeur": 19800.0, "prix": 22000.0, "quantite": 9, "moq": 1, "status": true, "image": "image_produit/IMG-20210218-WA0121.jpg", "date_ajout": "2021-02-18", "date_modification": "2021-02-21", "vendeur": 6, "categorie": 6}}, {"model": "Client.produit", "pk": 12, "fields": {"libelle": "Chaussure Tod's Louis Vuitton Marron", "description": "Chaussure Responsable Tod's Louis Vuitton Marron", "prix_vendeur": 19800.0, "prix": 22000.0, "quantite": 10, "moq": 1, "status": true, "image": "image_produit/IMG-20210218-WA0120.jpg", "date_ajout": "2021-02-18", "date_modification": "2021-02-21", "vendeur": 6, "categorie": 6}}, {"model": "Client.produit", "pk": 13, "fields": {"libelle": "Basket Nike Blanc Semelle Transparente", "description": "Basket Nike Blanc Semelle Transparente", "prix_vendeur": 11880.0, "prix": 13200.0, "quantite": 4, "moq": 1, "status": true, "image": "image_produit/IMG-20210218-WA0130.jpg", "date_ajout": "2021-02-18", "date_modification": "2021-02-24", "vendeur": 6, "categorie": 6}}, {"model": "Client.produit", "pk": 14, "fields": {"libelle": "Basket Louis Vuitton Noire Treillis", "description": "Basket Louis Vuitton Noire Treillis", "prix_vendeur": 11880.0, "prix": 13200.0, "quantite": 4, "moq": 1, "status": true, "image": "image_produit/IMG-20210218-WA0131.jpg", "date_ajout": "2021-02-18", "date_modification": "2021-02-23", "vendeur": 6, "categorie": 6}}, {"model": "Client.produit", "pk": 15, "fields": {"libelle": "Basket Dior Noire", "description": "Basket Dior Noire", "prix_vendeur": 11880.0, "prix": 13200.0, "quantite": 5, "moq": 1, "status": true, "image": "image_produit/IMG-20210218-WA0132_yLNIMz1.jpg", "date_ajout": "2021-02-18", "date_modification": "2021-02-21", "vendeur": 6, "categorie": 6}}, {"model": "Client.produit", "pk": 16, "fields": {"libelle": "Basket Nike Air Jordan Noir Blanc", "description": "Basket Nike Air Jordan Noir Blanc", "prix_vendeur": 11880.0, "prix": 13200.0, "quantite": 5, "moq": 1, "status": true, "image": "image_produit/IMG-20210218-WA0133.jpg", "date_ajout": "2021-02-18", "date_modification": "2021-02-21", "vendeur": 6, "categorie": 6}}, {"model": "Client.produit", "pk": 17, "fields": {"libelle": "Chaussure Converse Noire", "description": "Chaussure Converse Noire", "prix_vendeur": 11880.0, "prix": 13200.0, "quantite": 3, "moq": 1, "status": true, "image": "image_produit/IMG-20210218-WA0134.jpg", "date_ajout": "2021-02-18", "date_modification": "2021-02-21", "vendeur": 6, "categorie": 6}}, {"model": "Client.produit", "pk": 18, "fields": {"libelle": "Basket Nike Couleur Gucci", "description": "Basket Nike Couleur Gucci", "prix_vendeur": 11880.0, "prix": 13200.0, "quantite": 3, "moq": 1, "status": true, "image": "image_produit/IMG-20210218-WA0135.jpg", "date_ajout": "2021-02-18", "date_modification": "2021-02-21", "vendeur": 6, "categorie": 6}}, {"model": "Client.produit", "pk": 19, "fields": {"libelle": "Chaussure Dior Blanc", "description": "Chaussure Dior Blanc ", "prix_vendeur": 11880.0, "prix": 13200.0, "quantite": 3, "moq": 1, "status": true, "image": "image_produit/IMG-20210218-WA0138_2d3JJAy.jpg", "date_ajout": "2021-02-18", "date_modification": "2021-02-21", "vendeur": 6, "categorie": 6}}, {"model": "Client.produit", "pk": 20, "fields": {"libelle": "Basket Nike Air Jordan Gris", "description": "Basket Nike Air Jordan Gris", "prix_vendeur": 11880.0, "prix": 13200.0, "quantite": 2, "moq": 1, "status": true, "image": "image_produit/IMG-20210218-WA0143.jpg", "date_ajout": "2021-02-18", "date_modification": "2021-02-21", "vendeur": 6, "categorie": 6}}, {"model": "Client.produit", "pk": 21, "fields": {"libelle": "Chaussure All Star Converse Noire Semelle Blanche", "description": "Chaussure All Star Converse Noire Semelle Blanche", "prix_vendeur": 11880.0, "prix": 13200.0, "quantite": 3, "moq": 1, "status": true, "image": "image_produit/IMG-20210218-WA0144.jpg", "date_ajout": "2021-02-18", "date_modification": "2021-02-21", "vendeur": 6, "categorie": 6}}, {"model": "Client.produit", "pk": 22, "fields": {"libelle": "Basket Sport Nike Blanc Noir", "description": "Basket Sport Nike Blanc Noir", "prix_vendeur": 11220.0, "prix": 13200.0, "quantite": 3, "moq": 1, "status": true, "image": "image_produit/IMG-20210218-WA0145.jpg", "date_ajout": "2021-02-18", "date_modification": "2021-02-21", "vendeur": 6, "categorie": 8}}, {"model": "Client.produit", "pk": 23, "fields": {"libelle": "Chaussure Nike Noire Semelle Blanche", "description": "Chaussure Nike Noire Semelle Blanche", "prix_vendeur": 11880.0, "prix": 13200.0, "quantite": 3, "moq": 1, "status": true, "image": "image_produit/IMG-20210218-WA0151.jpg", "date_ajout": "2021-02-18", "date_modification": "2021-02-21", "vendeur": 6, "categorie": 6}}, {"model": "Client.produit", "pk": 24, "fields": {"libelle": "Basket Nike Air Jordan Rouge Noir Blanc", "description": "Basket Nike Air Jordan Rouge Noir Blanc", "prix_vendeur": 11880.0, "prix": 13200.0, "quantite": 2, "moq": 1, "status": true, "image": "image_produit/IMG-20210218-WA0152.jpg", "date_ajout": "2021-02-18", "date_modification": "2021-02-21", "vendeur": 6, "categorie": 6}}, {"model": "Client.produit", "pk": 25, "fields": {"libelle": "Basket Converse  Montante Rouge ", "description": "Basket Converse All Star Montante Rouge Semelle Blance", "prix_vendeur": 11880.0, "prix": 13200.0, "quantite": 3, "moq": 1, "status": true, "image": "image_produit/IMG-20210218-WA0154.jpg", "date_ajout": "2021-02-18", "date_modification": "2021-02-21", "vendeur": 6, "categorie": 6}}, {"model": "Client.produit", "pk": 26, "fields": {"libelle": "Basket Nike Noire Jaune", "description": "Basket Nike Noire Jaune", "prix_vendeur": 11880.0, "prix": 13200.0, "quantite": 3, "moq": 1, "status": true, "image": "image_produit/IMG-20210218-WA0155.jpg", "date_ajout": "2021-02-18", "date_modification": "2021-02-21", "vendeur": 6, "categorie": 6}}, {"model": "Client.produit", "pk": 27, "fields": {"libelle": "Basket Nike Blanc Bleu", "description": "Basket Nike Blanc Bleu", "prix_vendeur": 11880.0, "prix": 13200.0, "quantite": 3, "moq": 1, "status": true, "image": "image_produit/IMG-20210218-WA0156.jpg", "date_ajout": "2021-02-18", "date_modification": "2021-02-21", "vendeur": 6, "categorie": 6}}, {"model": "Client.produit", "pk": 28, "fields": {"libelle": "Chaussure Wallabees Noire", "description": "Chaussure Responsable Wallabees Noire", "prix_vendeur": 11880.0, "prix": 13200.0, "quantite": 5, "moq": 1, "status": true, "image": "image_produit/IMG-20210218-WA0157.jpg", "date_ajout": "2021-02-18", "date_modification": "2021-02-21", "vendeur": 6, "categorie": 6}}, {"model": "Client.produit", "pk": 29, "fields": {"libelle": "Tee-shirt WE Bleu", "description": "Tee-shirt WE Bleu", "prix_vendeur": 3465.0, "prix": 3850.0, "quantite": 10, "moq": 1, "status": true, "image": "image_produit/IMG-20210218-WA0198.jpg", "date_ajout": "2021-02-18", "date_modification": "2021-02-21", "vendeur": 6, "categorie": 6}}, {"model": "Client.produit", "pk": 30, "fields": {"libelle": "Tee-shirt WE Blanc", "description": "Tee-shirt WE Blanc", "prix_vendeur": 3465.0, "prix": 3850.0, "quantite": 6, "moq": 1, "status": true, "image": "image_produit/IMG-20210218-WA0199.jpg", "date_ajout": "2021-02-18", "date_modification": "2021-02-21", "vendeur": 6, "categorie": 6}}, {"model": "Client.produit", "pk": 31, "fields": {"libelle": "Tee-shirt WE Blanc", "description": "Tee-shirt WE Blanc", "prix_vendeur": 3465.0, "prix": 3850.0, "quantite": 8, "moq": 1, "status": true, "image": "image_produit/IMG-20210218-WA0200.jpg", "date_ajout": "2021-02-18", "date_modification": "2021-02-24", "vendeur": 6, "categorie": 6}}, {"model": "Client.produit", "pk": 32, "fields": {"libelle": "Tee-shirt WE Jaune", "description": "Tee-shirt WE Jaune", "prix_vendeur": 3465.0, "prix": 3850.0, "quantite": 10, "moq": 1, "status": true, "image": "image_produit/IMG-20210218-WA0201.jpg", "date_ajout": "2021-02-18", "date_modification": "2021-02-21", "vendeur": 6, "categorie": 6}}, {"model": "Client.produit", "pk": 33, "fields": {"libelle": "Tee-shirt Piraterie Bleu Blanc", "description": "Tee-shirt Piraterie Bleu Blanc", "prix_vendeur": 3465.0, "prix": 3850.0, "quantite": 9, "moq": 1, "status": true, "image": "image_produit/IMG-20210218-WA0202.jpg", "date_ajout": "2021-02-18", "date_modification": "2021-02-21", "vendeur": 6, "categorie": 6}}, {"model": "Client.produit", "pk": 34, "fields": {"libelle": "Tee-shirt WE Blanc Manche Jaune", "description": "Tee-shirt WE Blanc Manche Jaune", "prix_vendeur": 3465.0, "prix": 3850.0, "quantite": 10, "moq": 1, "status": true, "image": "image_produit/IMG-20210218-WA0203.jpg", "date_ajout": "2021-02-18", "date_modification": "2021-02-21", "vendeur": 6, "categorie": 6}}, {"model": "Client.produit", "pk": 35, "fields": {"libelle": "Tee-shirt WE Rouge", "description": "Tee-shirt WE Rouge Poche jaune", "prix_vendeur": 3465.0, "prix": 3850.0, "quantite": 6, "moq": 1, "status": true, "image": "image_produit/IMG-20210218-WA0204.jpg", "date_ajout": "2021-02-18", "date_modification": "2021-02-21", "vendeur": 6, "categorie": 6}}, {"model": "Client.produit", "pk": 36, "fields": {"libelle": "Tee-shirt WE Noire", "description": "Tee-shirt WE Noire Pauche Jaune", "prix_vendeur": 3465.0, "prix": 3850.0, "quantite": 10, "moq": 1, "status": true, "image": "image_produit/IMG-20210218-WA0205.jpg", "date_ajout": "2021-02-18", "date_modification": "2021-02-21", "vendeur": 6, "categorie": 6}}, {"model": "Client.produit", "pk": 37, "fields": {"libelle": "Tee-shirt WE Blanc", "description": "Tee-shirt WE Blanc", "prix_vendeur": 3465.0, "prix": 3984.7499999999995, "quantite": 9, "moq": 1, "status": false, "image": "image_produit/IMG-20210218-WA0206.jpg", "date_ajout": "2021-02-18", "date_modification": "2021-02-26", "vendeur": 6, "categorie": 1}}, {"model": "Client.produit", "pk": 38, "fields": {"libelle": "Tee-shirt WE Blanc", "description": "Tee-shirt WE Blanc", "prix_vendeur": 3465.0, "prix": 3850.0, "quantite": 3850, "moq": 1, "status": true, "image": "image_produit/IMG-20210218-WA0207.jpg", "date_ajout": "2021-02-18", "date_modification": "2021-02-21", "vendeur": 6, "categorie": 6}}, {"model": "Client.produit", "pk": 39, "fields": {"libelle": "Tee-shirt WE Gris", "description": "Tee-shirt WE Gris Manche Noire", "prix_vendeur": 3465.0, "prix": 3850.0, "quantite": 10, "moq": 1, "status": true, "image": "image_produit/IMG-20210218-WA0208.jpg", "date_ajout": "2021-02-18", "date_modification": "2021-02-21", "vendeur": 6, "categorie": 6}}, {"model": "Client.produit", "pk": 40, "fields": {"libelle": "Tee-shirt WE Noire", "description": "Tee-shirt WE Noire", "prix_vendeur": 3465.0, "prix": 3984.7499999999995, "quantite": 3, "moq": 1, "status": false, "image": "image_produit/IMG-20210218-WA0209.jpg", "date_ajout": "2021-02-18", "date_modification": "2021-02-25", "vendeur": 6, "categorie": 1}}, {"model": "Client.produit", "pk": 41, "fields": {"libelle": "Tee-shirt WE Gris Noire", "description": "Tee-shirt WE Gris Noire", "prix_vendeur": 3465.0, "prix": 3850.0, "quantite": 10, "moq": 1, "status": true, "image": "image_produit/IMG-20210218-WA0210.jpg", "date_ajout": "2021-02-18", "date_modification": "2021-02-21", "vendeur": 6, "categorie": 6}}, {"model": "Client.produit", "pk": 42, "fields": {"libelle": "Tee-shirt Piraterie Blanc Noire", "description": "Tee-shirt Piraterie Blanc Noire", "prix_vendeur": 3465.0, "prix": 3811.5000000000005, "quantite": 3, "moq": 1, "status": true, "image": "image_produit/IMG-20210218-WA0211.jpg", "date_ajout": "2021-02-18", "date_modification": "2021-02-25", "vendeur": 6, "categorie": 6}}, {"model": "Client.produit", "pk": 43, "fields": {"libelle": "Tee-shirt WE Vert", "description": "Tee-shirt WE Vert", "prix_vendeur": 3465.0, "prix": 3850.0, "quantite": 2, "moq": 1, "status": true, "image": "image_produit/IMG-20210218-WA0212.jpg", "date_ajout": "2021-02-18", "date_modification": "2021-02-26", "vendeur": 6, "categorie": 6}}, {"model": "Client.produit", "pk": 44, "fields": {"libelle": "Tee-shirt Piraterie Vert Blanc", "description": "Tee-shirt Piraterie Vert Blanc", "prix_vendeur": 3465.0, "prix": 3850.0, "quantite": 3, "moq": 1, "status": true, "image": "image_produit/IMG-20210218-WA0213.jpg", "date_ajout": "2021-02-18", "date_modification": "2021-02-21", "vendeur": 6, "categorie": 6}}, {"model": "Client.produit", "pk": 45, "fields": {"libelle": "Tee-shirt à capuche sans manche", "description": "Tee-shirt à capuche sans manche", "prix_vendeur": 4950.0, "prix": 5500.0, "quantite": 3, "moq": 1, "status": true, "image": "image_produit/IMG-20210218-WA0214.jpg", "date_ajout": "2021-02-18", "date_modification": "2021-02-21", "vendeur": 6, "categorie": 6}}, {"model": "Client.produit", "pk": 46, "fields": {"libelle": "Tee-shirt à capuche sans manche", "description": "Tee-shirt à capuche sans manche", "prix_vendeur": 4950.0, "prix": 5500.0, "quantite": 3, "moq": 1, "status": true, "image": "image_produit/IMG-20210218-WA0215.jpg", "date_ajout": "2021-02-18", "date_modification": "2021-02-21", "vendeur": 6, "categorie": 6}}, {"model": "Client.produit", "pk": 47, "fields": {"libelle": "Tee-shirt à capuche sans manche", "description": "Tee-shirt à capuche sans manche", "prix_vendeur": 3465.0, "prix": 3850.0, "quantite": 3, "moq": 1, "status": true, "image": "image_produit/IMG-20210218-WA0216.jpg", "date_ajout": "2021-02-18", "date_modification": "2021-02-21", "vendeur": 6, "categorie": 6}}, {"model": "Client.produit", "pk": 48, "fields": {"libelle": "Tee-shirt WE Blanc", "description": "Tee-shirt WE Blanc ", "prix_vendeur": 3465.0, "prix": 3850.0, "quantite": 5, "moq": 1, "status": true, "image": "image_produit/IMG-20210218-WA0217.jpg", "date_ajout": "2021-02-18", "date_modification": "2021-02-21", "vendeur": 6, "categorie": 6}}, {"model": "Client.produit", "pk": 49, "fields": {"libelle": "Tee-shirt WE Vert", "description": "Tee-shirt WE Vert", "prix_vendeur": 3465.0, "prix": 3850.0, "quantite": 3, "moq": 1, "status": true, "image": "image_produit/IMG-20210218-WA0218.jpg", "date_ajout": "2021-02-18", "date_modification": "2021-02-21", "vendeur": 6, "categorie": 6}}, {"model": "Client.produit", "pk": 50, "fields": {"libelle": "Tee-shirt à capuche sans manche", "description": "Tee-shirt à capuche sans manche", "prix_vendeur": 4950.0, "prix": 5500.0, "quantite": 10, "moq": 1, "status": true, "image": "image_produit/IMG-20210218-WA0219.jpg", "date_ajout": "2021-02-18", "date_modification": "2021-02-21", "vendeur": 6, "categorie": 6}}, {"model": "Client.produit", "pk": 51, "fields": {"libelle": "Tee-shirt WE Rouge Vif", "description": "Tee-shirt WE Rouge Vif", "prix_vendeur": 3465.0, "prix": 3850.0, "quantite": 5, "moq": 1, "status": true, "image": "image_produit/IMG-20210218-WA0220.jpg", "date_ajout": "2021-02-18", "date_modification": "2021-02-21", "vendeur": 6, "categorie": 6}}, {"model": "Client.produit", "pk": 52, "fields": {"libelle": "Tee-shirt WE Rouge Sombre", "description": "Tee-shirt WE Rouge Sombre", "prix_vendeur": 3465.0, "prix": 3850.0, "quantite": 2, "moq": 1, "status": true, "image": "image_produit/IMG-20210218-WA0221.jpg", "date_ajout": "2021-02-18", "date_modification": "2021-02-21", "vendeur": 6, "categorie": 6}}, {"model": "Client.produit", "pk": 53, "fields": {"libelle": "Tee-shirt Blanc", "description": "Tee-shirt Blanc", "prix_vendeur": 3465.0, "prix": 3850.0, "quantite": 1, "moq": 1, "status": true, "image": "image_produit/IMG-20210218-WA0223.jpg", "date_ajout": "2021-02-18", "date_modification": "2021-02-21", "vendeur": 6, "categorie": 6}}, {"model": "Client.produit", "pk": 54, "fields": {"libelle": "Tee-shirt WE Bleu", "description": "Tee-shirt WE Bleu", "prix_vendeur": 3465.0, "prix": 3850.0, "quantite": 2, "moq": 1, "status": true, "image": "image_produit/IMG-20210218-WA0224.jpg", "date_ajout": "2021-02-18", "date_modification": "2021-02-21", "vendeur": 6, "categorie": 6}}, {"model": "Client.produit", "pk": 55, "fields": {"libelle": "Tee-shirt WE Bleu", "description": "Tee-shirt WE Bleu", "prix_vendeur": 3465.0, "prix": 3850.0, "quantite": 3, "moq": 1, "status": true, "image": "image_produit/IMG-20210218-WA0226.jpg", "date_ajout": "2021-02-18", "date_modification": "2021-02-21", "vendeur": 6, "categorie": 6}}, {"model": "Client.produit", "pk": 56, "fields": {"libelle": "Tee-shirt WE Bleu", "description": "Tee-shirt WE Bleu", "prix_vendeur": 3465.0, "prix": 3850.0, "quantite": 2, "moq": 1, "status": true, "image": "image_produit/IMG-20210218-WA0228.jpg", "date_ajout": "2021-02-18", "date_modification": "2021-02-24", "vendeur": 6, "categorie": 6}}, {"model": "Client.produit", "pk": 57, "fields": {"libelle": "Polo Orange", "description": "Polo Orange", "prix_vendeur": 5445.0, "prix": 6050.0, "quantite": 2, "moq": 1, "status": true, "image": "image_produit/IMG-20210218-WA0276.jpg", "date_ajout": "2021-02-18", "date_modification": "2021-02-21", "vendeur": 6, "categorie": 6}}, {"model": "Client.produit", "pk": 58, "fields": {"libelle": "Polo Blanc Versace", "description": "Polo Blanc Versace", "prix_vendeur": 5445.0, "prix": 6050.0, "quantite": 0, "moq": 1, "status": true, "image": "image_produit/IMG-20210218-WA0277.jpg", "date_ajout": "2021-02-18", "date_modification": "2021-02-21", "vendeur": 6, "categorie": 6}}, {"model": "Client.produit", "pk": 59, "fields": {"libelle": "Polo Rouge Versace", "description": "Polo Rouge Versace", "prix_vendeur": 5445.0, "prix": 6050.0, "quantite": 3, "moq": 1, "status": true, "image": "image_produit/IMG-20210218-WA0286.jpg", "date_ajout": "2021-02-18", "date_modification": "2021-02-21", "vendeur": 6, "categorie": 6}}, {"model": "Client.produit", "pk": 60, "fields": {"libelle": "Polo Bleu Diesel", "description": "Polo Bleu Diesel", "prix_vendeur": 5445.0, "prix": 6050.0, "quantite": 2, "moq": 1, "status": true, "image": "image_produit/IMG-20210218-WA0264.jpg", "date_ajout": "2021-02-18", "date_modification": "2021-02-21", "vendeur": 6, "categorie": 6}}, {"model": "Client.produit", "pk": 61, "fields": {"libelle": "Sac à main Valentino", "description": "Sac à main Valentino", "prix_vendeur": 7920.0, "prix": 8800.0, "quantite": 5, "moq": 1, "status": true, "image": "image_produit/photo_2021-02-19_00-09-15.jpg", "date_ajout": "2021-02-19", "date_modification": "2021-02-21", "vendeur": 7, "categorie": 6}}, {"model": "Client.produit", "pk": 62, "fields": {"libelle": "Sac à main Chanel", "description": "Sac à main Chanel", "prix_vendeur": 6930.0, "prix": 7700.0, "quantite": 5, "moq": 1, "status": true, "image": "image_produit/photo_2021-02-19_00-09-31.jpg", "date_ajout": "2021-02-19", "date_modification": "2021-02-21", "vendeur": 7, "categorie": 6}}, {"model": "Client.produit", "pk": 63, "fields": {"libelle": "Sac à main Fendi", "description": "Sac à main Fendi", "prix_vendeur": 6930.0, "prix": 7700.0, "quantite": 3, "moq": 1, "status": true, "image": "image_produit/photo_2021-02-19_00-09-20.jpg", "date_ajout": "2021-02-19", "date_modification": "2021-02-21", "vendeur": 7, "categorie": 6}}, {"model": "Client.produit", "pk": 64, "fields": {"libelle": "Sac à main GD", "description": "Sac à main GD", "prix_vendeur": 6930.0, "prix": 7700.0, "quantite": 3, "moq": 1, "status": true, "image": "image_produit/photo_2021-02-19_00-09-26.jpg", "date_ajout": "2021-02-19", "date_modification": "2021-02-21", "vendeur": 7, "categorie": 6}}, {"model": "Client.produit", "pk": 65, "fields": {"libelle": "Robe Bleu", "description": "Robe Bleu", "prix_vendeur": 9900.0, "prix": 11000.0, "quantite": 3, "moq": 1, "status": true, "image": "image_produit/photo_2021-02-19_00-08-53.jpg", "date_ajout": "2021-02-19", "date_modification": "2021-02-21", "vendeur": 7, "categorie": 6}}, {"model": "Client.produit", "pk": 66, "fields": {"libelle": "Robe Femme", "description": "Robe Femme", "prix_vendeur": 9900.0, "prix": 11000.0, "quantite": 2, "moq": 1, "status": true, "image": "image_produit/photo_2021-02-19_00-07-26.jpg", "date_ajout": "2021-02-19", "date_modification": "2021-02-21", "vendeur": 7, "categorie": 6}}, {"model": "Client.produit", "pk": 67, "fields": {"libelle": "Robe courte", "description": "Robe Courte", "prix_vendeur": 9350.0, "prix": 11000.0, "quantite": 2, "moq": 1, "status": true, "image": "image_produit/photo_2021-02-19_00-08-42.jpg", "date_ajout": "2021-02-19", "date_modification": "2021-02-21", "vendeur": 7, "categorie": 4}}, {"model": "Client.produit", "pk": 68, "fields": {"libelle": "Complet Jupe et haut Noir", "description": "Complet Jupe et haut Noir", "prix_vendeur": 8415.0, "prix": 9350.0, "quantite": 3, "moq": 1, "status": true, "image": "image_produit/photo_2021-02-19_00-09-01.jpg", "date_ajout": "2021-02-19", "date_modification": "2021-02-21", "vendeur": 7, "categorie": 6}}, {"model": "Client.produit", "pk": 69, "fields": {"libelle": "Polo Jaune", "description": "Polo Jaune", "prix_vendeur": 5445.000000000001, "prix": 6050.000000000001, "quantite": 3, "moq": 1, "status": true, "image": "image_produit/IMG-20210218-WA0281.jpg", "date_ajout": "2021-02-19", "date_modification": "2021-02-21", "vendeur": 6, "categorie": 6}}, {"model": "Client.imageproduit", "pk": 1, "fields": {"produit": 2, "image": "image_produit/photo_2021-01-07_22-20-14_QNRt4TP.jpg"}}, {"model": "Client.imageproduit", "pk": 4, "fields": {"produit": 18, "image": "image_produit/IMG-20210218-WA0136.jpg"}}, {"model": "Client.imageproduit", "pk": 5, "fields": {"produit": 16, "image": "image_produit/IMG-20210218-WA0137.jpg"}}, {"model": "Client.imageproduit", "pk": 6, "fields": {"produit": 14, "image": "image_produit/IMG-20210218-WA0140.jpg"}}, {"model": "Client.imageproduit", "pk": 7, "fields": {"produit": 13, "image": "image_produit/IMG-20210218-WA0149.jpg"}}, {"model": "Client.imageproduit", "pk": 9, "fields": {"produit": 1, "image": "image_produit/photo_2021-02-19_00-46-08.jpg"}}, {"model": "Client.imageproduit", "pk": 10, "fields": {"produit": 1, "image": "image_produit/photo_2021-02-19_00-46-16.jpg"}}, {"model": "Client.user", "pk": 1, "fields": {"contact1": "0556748529", "contact2": "0556748529", "ville": "Abidjan", "commune": "Bingerville", "quartier": "Residentiel", "profil": "", "user": 1}}, {"model": "Client.user", "pk": 5, "fields": {"contact1": "0556748529", "contact2": "0556748529", "ville": "Abidjan", "commune": "Bingerville", "quartier": "Residentiel", "profil": "", "user": 33}}, {"model": "Client.user", "pk": 6, "fields": {"contact1": "3092894312", "contact2": "1234567890", "ville": "Abidjan", "commune": "Bingerville", "quartier": "CIE", "profil": "profil_client/photo_2021-02-19_00-46-16_h6AEyC7.jpg", "user": 34}}, {"model": "Client.produituser", "pk": 1, "fields": {"produit": 1, "user": 1}}, {"model": "Client.produituser", "pk": 10, "fields": {"produit": 69, "user": 6}}, {"model": "Client.produituser", "pk": 11, "fields": {"produit": 61, "user": 6}}, {"model": "Client.livreur", "pk": 1, "fields": {"nom": "Baradji", "prenom": "amara", "contact": "0556748529", "cin": "28347534928309", "existance": true}}, {"model": "Client.livreur", "pk": 2, "fields": {"nom": "Diaby", "prenom": "Maimouna", "contact": "0912345676", "cin": "0023454645", "existance": true}}, {"model": "Client.livreur", "pk": 3, "fields": {"nom": "Salami", "prenom": "Mufuntahu", "contact": "0566579612", "cin": "1209678907", "existance": true}}, {"model": "Client.panier", "pk": 11, "fields": {"user": 1}}, {"model": "Client.panier", "pk": 15, "fields": {"user": 5}}, {"model": "Client.panier", "pk": 16, "fields": {"user": 6}}, {"model": "Client.commande", "pk": 9, "fields": {"panier": 11, "date": "2021-02-09T17:34:00.727Z", "status": "ok", "montant": 54000.0}}, {"model": "Client.commande", "pk": 14, "fields": {"panier": 11, "date": "2021-02-15T16:14:35.381Z", "status": "ok", "montant": 54000.0}}, {"model": "Client.commande", "pk": 15, "fields": {"panier": 11, "date": "2021-02-15T22:29:31.234Z", "status": "ok", "montant": 18000.0}}, {"model": "Client.commande", "pk": 16, "fields": {"panier": 11, "date": "2021-02-15T22:43:53.857Z", "status": "ok", "montant": 135000.0}}, {"model": "Client.commande", "pk": 17, "fields": {"panier": 11, "date": "2021-02-15T22:46:09.383Z", "status": "ok", "montant": 90000.0}}, {"model": "Client.commande", "pk": 18, "fields": {"panier": 15, "date": "2021-02-19T21:43:05.689Z", "status": "ok", "montant": 15400.0}}, {"model": "Client.commande", "pk": 20, "fields": {"panier": 11, "date": "2021-02-20T16:05:38.734Z", "status": "ok", "montant": 0.0}}, {"model": "Client.commande", "pk": 21, "fields": {"panier": 11, "date": "2021-02-20T16:08:31.396Z", "status": "ok", "montant": 3850.0}}, {"model": "Client.commande", "pk": 22, "fields": {"panier": 11, "date": "2021-02-20T16:09:26.202Z", "status": "ok", "montant": 3850.0}}, {"model": "Client.commande", "pk": 23, "fields": {"panier": 11, "date": "2021-02-20T18:59:01.466Z", "status": "ok", "montant": 13200.0}}, {"model": "Client.commande", "pk": 24, "fields": {"panier": 11, "date": "2021-02-20T18:59:08.971Z", "status": "ok", "montant": 0.0}}, {"model": "Client.commande", "pk": 25, "fields": {"panier": 11, "date": "2021-02-21T09:01:40.747Z", "status": "ok", "montant": 0.0}}, {"model": "Client.commande", "pk": 26, "fields": {"panier": 11, "date": "2021-02-21T09:07:42.064Z", "status": "ok", "montant": 15950.0}}, {"model": "Client.commande", "pk": 27, "fields": {"panier": 11, "date": "2021-02-21T18:08:08.823Z", "status": "ok", "montant": 32450.0}}, {"model": "Client.commande", "pk": 28, "fields": {"panier": 11, "date": "2021-02-21T18:08:58.113Z", "status": "ok", "montant": 28050.0}}, {"model": "Client.commande", "pk": 29, "fields": {"panier": 16, "date": "2021-02-23T20:33:48.829Z", "status": "ok", "montant": 26400.0}}, {"model": "Client.commande", "pk": 30, "fields": {"panier": 16, "date": "2021-02-24T05:00:06.893Z", "status": "ok", "montant": 24750.0}}, {"model": "Client.commande", "pk": 31, "fields": {"panier": 16, "date": "2021-02-24T10:04:24.261Z", "status": "ok", "montant": 22000.0}}, {"model": "Client.commande", "pk": 32, "fields": {"panier": 16, "date": "2021-02-26T13:53:19.099Z", "status": "ok", "montant": 25850.0}}, {"model": "Client.panierproduit", "pk": 8, "fields": {"panier": 11, "produit": 1, "commande": 15, "quantite": 2, "date_ajout": "2021-02-15T22:27:17.713Z", "date_modification": "2021-02-15T22:29:31.250Z", "status": true}}, {"model": "Client.panierproduit", "pk": 9, "fields": {"panier": 11, "produit": 2, "commande": 15, "quantite": 1, "date_ajout": "2021-02-15T22:27:21.593Z", "date_modification": "2021-02-15T22:29:31.257Z", "status": true}}, {"model": "Client.panierproduit", "pk": 10, "fields": {"panier": 11, "produit": 2, "commande": 16, "quantite": 3, "date_ajout": "2021-02-15T22:43:30.514Z", "date_modification": "2021-02-15T22:43:53.873Z", "status": true}}, {"model": "Client.panierproduit", "pk": 11, "fields": {"panier": 11, "produit": 1, "commande": 17, "quantite": 2, "date_ajout": "2021-02-15T22:45:46.481Z", "date_modification": "2021-02-15T22:46:09.423Z", "status": true}}, {"model": "Client.panierproduit", "pk": 12, "fields": {"panier": 15, "produit": 30, "commande": 18, "quantite": 4, "date_ajout": "2021-02-19T21:37:01.917Z", "date_modification": "2021-02-19T21:43:05.709Z", "status": true}}, {"model": "Client.panierproduit", "pk": 14, "fields": {"panier": 11, "produit": 33, "commande": 21, "quantite": 1, "date_ajout": "2021-02-20T16:08:23.387Z", "date_modification": "2021-02-20T16:08:31.416Z", "status": true}}, {"model": "Client.panierproduit", "pk": 15, "fields": {"panier": 11, "produit": 49, "commande": 22, "quantite": 1, "date_ajout": "2021-02-20T16:09:22.403Z", "date_modification": "2021-02-20T16:09:26.219Z", "status": true}}, {"model": "Client.panierproduit", "pk": 17, "fields": {"panier": 11, "produit": 24, "commande": 23, "quantite": 1, "date_ajout": "2021-02-20T18:53:11.009Z", "date_modification": "2021-02-20T18:59:01.489Z", "status": true}}, {"model": "Client.panierproduit", "pk": 20, "fields": {"panier": 11, "produit": 58, "commande": 26, "quantite": 2, "date_ajout": "2021-02-21T09:06:52.486Z", "date_modification": "2021-02-21T09:07:42.087Z", "status": true}}, {"model": "Client.panierproduit", "pk": 21, "fields": {"panier": 11, "produit": 37, "commande": 26, "quantite": 1, "date_ajout": "2021-02-21T09:07:29.635Z", "date_modification": "2021-02-21T09:07:42.105Z", "status": true}}, {"model": "Client.panierproduit", "pk": 22, "fields": {"panier": 11, "produit": 35, "commande": 27, "quantite": 4, "date_ajout": "2021-02-21T09:12:01.425Z", "date_modification": "2021-02-21T18:08:08.936Z", "status": true}}, {"model": "Client.panierproduit", "pk": 23, "fields": {"panier": 11, "produit": 53, "commande": 27, "quantite": 1, "date_ajout": "2021-02-21T18:07:46.364Z", "date_modification": "2021-02-21T18:08:08.953Z", "status": true}}, {"model": "Client.panierproduit", "pk": 24, "fields": {"panier": 11, "produit": 20, "commande": 27, "quantite": 1, "date_ajout": "2021-02-21T18:08:00.699Z", "date_modification": "2021-02-21T18:08:08.969Z", "status": true}}, {"model": "Client.panierproduit", "pk": 25, "fields": {"panier": 11, "produit": 11, "commande": 28, "quantite": 1, "date_ajout": "2021-02-21T18:08:43.436Z", "date_modification": "2021-02-21T18:08:58.192Z", "status": true}}, {"model": "Client.panierproduit", "pk": 26, "fields": {"panier": 11, "produit": 57, "commande": 28, "quantite": 1, "date_ajout": "2021-02-21T18:08:53.574Z", "date_modification": "2021-02-21T18:08:58.213Z", "status": true}}, {"model": "Client.panierproduit", "pk": 27, "fields": {"panier": 16, "produit": 14, "commande": 29, "quantite": 1, "date_ajout": "2021-02-23T10:04:11.598Z", "date_modification": "2021-02-23T20:33:49.136Z", "status": true}}, {"model": "Client.panierproduit", "pk": 28, "fields": {"panier": 16, "produit": 7, "commande": 29, "quantite": 1, "date_ajout": "2021-02-23T18:00:08.443Z", "date_modification": "2021-02-23T20:33:49.195Z", "status": true}}, {"model": "Client.panierproduit", "pk": 29, "fields": {"panier": 16, "produit": 56, "commande": 30, "quantite": 1, "date_ajout": "2021-02-23T20:56:02.518Z", "date_modification": "2021-02-24T05:00:07.034Z", "status": true}}, {"model": "Client.panierproduit", "pk": 30, "fields": {"panier": 16, "produit": 31, "commande": 30, "quantite": 2, "date_ajout": "2021-02-23T20:56:12.463Z", "date_modification": "2021-02-24T05:00:07.070Z", "status": true}}, {"model": "Client.panierproduit", "pk": 31, "fields": {"panier": 16, "produit": 13, "commande": 30, "quantite": 1, "date_ajout": "2021-02-24T05:00:02.367Z", "date_modification": "2021-02-24T05:00:07.095Z", "status": true}}, {"model": "Client.panierproduit", "pk": 32, "fields": {"panier": 16, "produit": 10, "commande": 31, "quantite": 1, "date_ajout": "2021-02-24T10:03:46.498Z", "date_modification": "2021-02-24T10:04:24.333Z", "status": true}}, {"model": "Client.panierproduit", "pk": 33, "fields": {"panier": 16, "produit": 43, "commande": 32, "quantite": 1, "date_ajout": "2021-02-26T13:52:47.402Z", "date_modification": "2021-02-26T13:53:19.195Z", "status": true}}, {"model": "Client.panierproduit", "pk": 34, "fields": {"panier": 16, "produit": 10, "commande": 32, "quantite": 1, "date_ajout": "2021-02-26T13:52:54.865Z", "date_modification": "2021-02-26T13:53:19.215Z", "status": true}}, {"model": "Client.panierproduit", "pk": 35, "fields": {"panier": 16, "produit": 7, "commande": null, "quantite": 1, "date_ajout": "2021-02-26T14:11:25.787Z", "date_modification": "2021-02-26T14:11:25.787Z", "status": false}}, {"model": "Client.livraison", "pk": 3, "fields": {"commande": 9, "livreur": 1, "adresse_livraison": "abidjan", "frais": 1500.0, "date_livraison": "2021-02-11", "status": "faite"}}, {"model": "Client.livraison", "pk": 8, "fields": {"commande": 14, "livreur": null, "adresse_livraison": "abidjan", "frais": 1500.0, "date_livraison": "2021-02-17", "status": "en_cours"}}, {"model": "Client.livraison", "pk": 9, "fields": {"commande": 15, "livreur": null, "adresse_livraison": "abidjan", "frais": 1500.0, "date_livraison": "2021-02-16", "status": "en_cours"}}, {"model": "Client.livraison", "pk": 10, "fields": {"commande": 16, "livreur": null, "adresse_livraison": "abidjan", "frais": 1500.0, "date_livraison": "2021-02-16", "status": "en_cours"}}, {"model": "Client.livraison", "pk": 11, "fields": {"commande": 17, "livreur": null, "adresse_livraison": "abidjan", "frais": 1500.0, "date_livraison": "2021-02-16", "status": "en_cours"}}, {"model": "Client.livraison", "pk": 12, "fields": {"commande": 18, "livreur": null, "adresse_livraison": "abidjan", "frais": 1500.0, "date_livraison": "2021-02-20", "status": "en_cours"}}, {"model": "Client.livraison", "pk": 14, "fields": {"commande": 21, "livreur": null, "adresse_livraison": "abidjan", "frais": 1500.0, "date_livraison": "2021-02-21", "status": "en_cours"}}, {"model": "Client.livraison", "pk": 15, "fields": {"commande": 22, "livreur": null, "adresse_livraison": "abidjan", "frais": 1500.0, "date_livraison": "2021-02-21", "status": "en_cours"}}, {"model": "Client.livraison", "pk": 16, "fields": {"commande": 26, "livreur": null, "adresse_livraison": "abidjan", "frais": 1500.0, "date_livraison": "2021-02-22", "status": "en_cours"}}, {"model": "Client.livraison", "pk": 17, "fields": {"commande": 27, "livreur": null, "adresse_livraison": "abidjan", "frais": 1500.0, "date_livraison": "2021-02-22", "status": "en_cours"}}, {"model": "Client.livraison", "pk": 18, "fields": {"commande": 28, "livreur": null, "adresse_livraison": "abidjan", "frais": 1500.0, "date_livraison": "2021-02-22", "status": "en_cours"}}, {"model": "Client.livraison", "pk": 19, "fields": {"commande": 29, "livreur": 2, "adresse_livraison": "abidjan", "frais": 1500.0, "date_livraison": "2021-02-24", "status": "en_cours"}}, {"model": "Client.livraison", "pk": 20, "fields": {"commande": 30, "livreur": null, "adresse_livraison": "abidjan", "frais": 1500.0, "date_livraison": "2021-02-25", "status": "en_cours"}}, {"model": "Client.livraison", "pk": 21, "fields": {"commande": 31, "livreur": null, "adresse_livraison": "abidjan", "frais": 1500.0, "date_livraison": "2021-02-25", "status": "en_cours"}}, {"model": "Client.livraison", "pk": 22, "fields": {"commande": 32, "livreur": null, "adresse_livraison": "abidjan", "frais": 0.0, "date_livraison": "2021-02-27", "status": "en_cours"}}, {"model": "Client.paiement", "pk": 1, "fields": {"commande": 9, "moyen_paiement": "cash_livraison", "montant_total": 55500.0, "status": "ok"}}, {"model": "Client.paiement", "pk": 6, "fields": {"commande": 14, "moyen_paiement": "cash_livraison", "montant_total": 55500.0, "status": "en_cours"}}, {"model": "Client.paiement", "pk": 7, "fields": {"commande": 15, "moyen_paiement": "cash_livraison", "montant_total": 19500.0, "status": "en_cours"}}, {"model": "Client.paiement", "pk": 8, "fields": {"commande": 16, "moyen_paiement": "cash_livraison", "montant_total": 136500.0, "status": "en_cours"}}, {"model": "Client.paiement", "pk": 9, "fields": {"commande": 17, "moyen_paiement": "cash_livraison", "montant_total": 91500.0, "status": "en_cours"}}, {"model": "Client.paiement", "pk": 10, "fields": {"commande": 18, "moyen_paiement": "cash_livraison", "montant_total": 16900.0, "status": "en_cours"}}, {"model": "Client.paiement", "pk": 12, "fields": {"commande": 21, "moyen_paiement": "cash_livraison", "montant_total": 5350.0, "status": "en_cours"}}, {"model": "Client.paiement", "pk": 13, "fields": {"commande": 22, "moyen_paiement": "cash_livraison", "montant_total": 5350.0, "status": "en_cours"}}, {"model": "Client.paiement", "pk": 14, "fields": {"commande": 26, "moyen_paiement": "cash_livraison", "montant_total": 17450.0, "status": "en_cours"}}, {"model": "Client.paiement", "pk": 15, "fields": {"commande": 27, "moyen_paiement": "cash_livraison", "montant_total": 33950.0, "status": "en_cours"}}, {"model": "Client.paiement", "pk": 16, "fields": {"commande": 28, "moyen_paiement": "cash_livraison", "montant_total": 29550.0, "status": "en_cours"}}, {"model": "Client.paiement", "pk": 17, "fields": {"commande": 29, "moyen_paiement": "cash_livraison", "montant_total": 27900.0, "status": "en_cours"}}, {"model": "Client.paiement", "pk": 18, "fields": {"commande": 30, "moyen_paiement": "cash_livraison", "montant_total": 26250.0, "status": "en_cours"}}, {"model": "Client.paiement", "pk": 19, "fields": {"commande": 31, "moyen_paiement": "cash_livraison", "montant_total": 23500.0, "status": "en_cours"}}, {"model": "Client.paiement", "pk": 20, "fields": {"commande": 32, "moyen_paiement": "cash_livraison", "montant_total": 25850.0, "status": "en_cours"}}, {"model": "Client.historique", "pk": 1, "fields": {"num_cmd": 27, "date_cmd": "2021-02-21T18:08:08.930Z", "montant_cmd": 32450.0, "libelle": "Tee-shirt WE Rouge", "categorie": "Mode", "prix_vendeur": 3465.0, "prix": 3850.0, "quantite": 4, "frais_livraison": 1500.0, "adresse_livraison": "abidjan", "status_livraison": "en_cours", "livreur": null, "moyen_paiement": "cash_livraison", "montant_total": 33950.0, "status_paiement": "en_attente", "date_paiement": "2021-02-21T18:08:08.930Z", "client": "hydra1", "vendeur": "kaderpiedgauche"}}, {"model": "Client.historique", "pk": 2, "fields": {"num_cmd": 27, "date_cmd": "2021-02-21T18:08:08.946Z", "montant_cmd": 32450.0, "libelle": "Tee-shirt Blanc", "categorie": "Mode", "prix_vendeur": 3465.0, "prix": 3850.0, "quantite": 1, "frais_livraison": 1500.0, "adresse_livraison": "abidjan", "status_livraison": "en_cours", "livreur": null, "moyen_paiement": "cash_livraison", "montant_total": 33950.0, "status_paiement": "en_attente", "date_paiement": "2021-02-21T18:08:08.946Z", "client": "hydra1", "vendeur": "kaderpiedgauche"}}, {"model": "Client.historique", "pk": 3, "fields": {"num_cmd": 27, "date_cmd": "2021-02-21T18:08:08.964Z", "montant_cmd": 32450.0, "libelle": "Basket Nike Air Jordan Gris", "categorie": "Mode", "prix_vendeur": 11880.0, "prix": 13200.0, "quantite": 1, "frais_livraison": 1500.0, "adresse_livraison": "abidjan", "status_livraison": "en_cours", "livreur": null, "moyen_paiement": "cash_livraison", "montant_total": 33950.0, "status_paiement": "en_attente", "date_paiement": "2021-02-21T18:08:08.964Z", "client": "hydra1", "vendeur": "kaderpiedgauche"}}, {"model": "Client.historique", "pk": 4, "fields": {"num_cmd": 28, "date_cmd": "2021-02-21T18:08:58.185Z", "montant_cmd": 28050.0, "libelle": "Chaussure Tod's Louis Vuitton Noire", "categorie": "Mode", "prix_vendeur": 19800.0, "prix": 22000.0, "quantite": 1, "frais_livraison": 1500.0, "adresse_livraison": "abidjan", "status_livraison": "en_cours", "livreur": null, "moyen_paiement": "cash_livraison", "montant_total": 29550.0, "status_paiement": "en_attente", "date_paiement": "2021-02-21T18:08:58.185Z", "client": "hydra1", "vendeur": "kaderpiedgauche"}}, {"model": "Client.historique", "pk": 5, "fields": {"num_cmd": 28, "date_cmd": "2021-02-21T18:08:58.207Z", "montant_cmd": 28050.0, "libelle": "Polo Orange", "categorie": "Mode", "prix_vendeur": 5445.0, "prix": 6050.0, "quantite": 1, "frais_livraison": 1500.0, "adresse_livraison": "abidjan", "status_livraison": "en_cours", "livreur": null, "moyen_paiement": "cash_livraison", "montant_total": 29550.0, "status_paiement": "en_attente", "date_paiement": "2021-02-21T18:08:58.207Z", "client": "hydra1", "vendeur": "kaderpiedgauche"}}, {"model": "Client.historique", "pk": 6, "fields": {"num_cmd": 29, "date_cmd": "2021-02-23T20:33:49.109Z", "montant_cmd": 26400.0, "libelle": "Basket Louis Vuitton Noire Treillis", "categorie": "Mode", "prix_vendeur": 11880.0, "prix": 13200.0, "quantite": 1, "frais_livraison": 1500.0, "adresse_livraison": "abidjan", "status_livraison": "faite", "livreur": 2, "moyen_paiement": "cash_livraison", "montant_total": 27900.0, "status_paiement": "fait", "date_paiement": null, "client": "hydra4", "vendeur": "kaderpiedgauche"}}, {"model": "Client.historique", "pk": 7, "fields": {"num_cmd": 29, "date_cmd": "2021-02-23T20:33:49.168Z", "montant_cmd": 26400.0, "libelle": "Basket Dior Couleur Noire Blanc", "categorie": "Mode", "prix_vendeur": 11880.0, "prix": 13200.0, "quantite": 1, "frais_livraison": 1500.0, "adresse_livraison": "abidjan", "status_livraison": "faite", "livreur": 2, "moyen_paiement": "cash_livraison", "montant_total": 27900.0, "status_paiement": "en_attente", "date_paiement": null, "client": "hydra4", "vendeur": "kaderpiedgauche"}}, {"model": "Client.historique", "pk": 8, "fields": {"num_cmd": 30, "date_cmd": "2021-02-24T05:00:07.025Z", "montant_cmd": 24750.0, "libelle": "Tee-shirt WE Bleu", "categorie": "Mode", "prix_vendeur": 3465.0, "prix": 3850.0, "quantite": 1, "frais_livraison": 1500.0, "adresse_livraison": "abidjan", "status_livraison": "en_cours", "livreur": null, "moyen_paiement": "cash_livraison", "montant_total": 26250.0, "status_paiement": "en_attente", "date_paiement": null, "client": "hydra4", "vendeur": "kaderpiedgauche"}}, {"model": "Client.historique", "pk": 9, "fields": {"num_cmd": 30, "date_cmd": "2021-02-24T05:00:07.061Z", "montant_cmd": 24750.0, "libelle": "Tee-shirt WE Blanc", "categorie": "Mode", "prix_vendeur": 3465.0, "prix": 3850.0, "quantite": 2, "frais_livraison": 1500.0, "adresse_livraison": "abidjan", "status_livraison": "en_cours", "livreur": null, "moyen_paiement": "cash_livraison", "montant_total": 26250.0, "status_paiement": "en_attente", "date_paiement": null, "client": "hydra4", "vendeur": "kaderpiedgauche"}}, {"model": "Client.historique", "pk": 10, "fields": {"num_cmd": 30, "date_cmd": "2021-02-24T05:00:07.089Z", "montant_cmd": 24750.0, "libelle": "Basket Nike Blanc Semelle Transparente", "categorie": "Mode", "prix_vendeur": 11880.0, "prix": 13200.0, "quantite": 1, "frais_livraison": 1500.0, "adresse_livraison": "abidjan", "status_livraison": "en_cours", "livreur": null, "moyen_paiement": "cash_livraison", "montant_total": 26250.0, "status_paiement": "en_attente", "date_paiement": null, "client": "hydra4", "vendeur": "kaderpiedgauche"}}, {"model": "Client.historique", "pk": 11, "fields": {"num_cmd": 31, "date_cmd": "2021-02-24T10:04:24.323Z", "montant_cmd": 22000.0, "libelle": "Chaussure Tod's Louis Vuitton Noire", "categorie": "Mode", "prix_vendeur": 19800.0, "prix": 22000.0, "quantite": 1, "frais_livraison": 1500.0, "adresse_livraison": "abidjan", "status_livraison": "en_cours", "livreur": null, "moyen_paiement": "cash_livraison", "montant_total": 23500.0, "status_paiement": "en_attente", "date_paiement": null, "client": "hydra4", "vendeur": "kaderpiedgauche"}}, {"model": "Client.historique", "pk": 12, "fields": {"num_cmd": 32, "date_cmd": "2021-02-26T13:53:19.188Z", "montant_cmd": 25850.0, "libelle": "Tee-shirt WE Vert", "categorie": "Mode", "prix_vendeur": 3465.0, "prix": 3850.0, "quantite": 1, "frais_livraison": 0.0, "adresse_livraison": "abidjan", "status_livraison": "en_cours", "livreur": null, "moyen_paiement": "cash_livraison", "montant_total": 25850.0, "status_paiement": "en_attente", "date_paiement": null, "client": "hydra4", "vendeur": "kaderpiedgauche"}}, {"model": "Client.historique", "pk": 13, "fields": {"num_cmd": 32, "date_cmd": "2021-02-26T13:53:19.207Z", "montant_cmd": 25850.0, "libelle": "Chaussure Tod's Louis Vuitton Noire", "categorie": "Mode", "prix_vendeur": 19800.0, "prix": 22000.0, "quantite": 1, "frais_livraison": 0.0, "adresse_livraison": "abidjan", "status_livraison": "en_cours", "livreur": null, "moyen_paiement": "cash_livraison", "montant_total": 25850.0, "status_paiement": "en_attente", "date_paiement": null, "client": "hydra4", "vendeur": "kaderpiedgauche"}}]